{"name":"4c4c3995-c762-4a78-af0b-b81d3a7193d0","id":"/providers/Microsoft.Flow/flows/4c4c3995-c762-4a78-af0b-b81d3a7193d0","type":"Microsoft.Flow/flows","properties":{"apiId":"/providers/Microsoft.PowerApps/apis/shared_logicflows","displayName":"TeamSkaparen","definition":{"metadata":{"workflowEntityId":null,"flowclientsuspensionreason":"None","flowclientsuspensiontime":null,"creator":{"id":"bbd67cfe-d377-40bd-8b15-8ab959067c17","type":"User","tenantId":"15d06cbf-5ba6-4055-954d-531141e50e6c"},"provisioningMethod":"FromDefinition","failureAlertSubscription":true,"clientLastModifiedTime":"2020-10-01T13:03:51.4685428Z"},"$schema":"https://schema.management.azure.com/providers/Microsoft.Logic/schemas/2016-06-01/workflowdefinition.json#","contentVersion":"1.0.0.0","parameters":{"$connections":{"defaultValue":{},"type":"Object"},"$authentication":{"defaultValue":{},"type":"SecureObject"}},"triggers":{"manual":{"type":"Request","kind":"PowerApp","inputs":{"schema":{"type":"object","properties":{"Createateam_TeamName":{"type":"string","description":"Name of the team","x-ms-powerflows-param-ispartial":false},"Createateam_Description":{"type":"string","description":"Description of the team","x-ms-powerflows-param-ispartial":false},"Createateam_Visibility":{"type":"string","description":"The visibility of the the team","x-ms-powerflows-param-ispartial":false},"Initializevariable_Value":{"type":"any"},"ParseJSON_Content":{"type":"any"}},"required":["Createateam_TeamName","Createateam_Description","Createateam_Visibility","Initializevariable_Value","ParseJSON_Content"]}}}},"actions":{"Create_a_team":{"runAfter":{"Parse_JSON_Ägare":["Succeeded"]},"type":"OpenApiConnection","inputs":{"host":{"apiId":"/providers/Microsoft.PowerApps/apis/shared_teams","connectionName":"shared_teams","operationId":"CreateATeam"},"parameters":{"body/displayName":"@triggerBody()['Createateam_TeamName']","body/description":"@triggerBody()['Createateam_Description']","body/visibility":"@triggerBody()['Createateam_Visibility']"},"authentication":{"value":"@json(decodeBase64(triggerOutputs().headers['X-MS-APIM-Tokens']))['$ConnectionKey']","type":"Raw"}}},"Apply_to_each":{"foreach":"@body('Parse_JSON_Kanaler')","actions":{"Create_a_channel":{"runAfter":{},"type":"OpenApiConnection","inputs":{"host":{"apiId":"/providers/Microsoft.PowerApps/apis/shared_teams","connectionName":"shared_teams","operationId":"CreateChannel"},"parameters":{"groupId":"@outputs('Create_a_team')?['body/newTeamId']","body/displayName":"@items('Apply_to_each')['Kanal']"},"authentication":{"value":"@json(decodeBase64(triggerOutputs().headers['X-MS-APIM-Tokens']))['$ConnectionKey']","type":"Raw"}}}},"runAfter":{"Create_a_team":["Succeeded"]},"type":"Foreach"},"Parse_JSON_Kanaler":{"runAfter":{},"type":"ParseJson","inputs":{"content":"@triggerBody()['Initializevariable_Value']","schema":{"type":"array","items":{"type":"object","properties":{"Kanal":{"type":"string"}},"required":["Kanal"]}}}},"Parse_JSON_Ägare":{"runAfter":{"Parse_JSON_Kanaler":["Succeeded"]},"type":"ParseJson","inputs":{"content":"@triggerBody()['ParseJSON_Content']","schema":{"type":"array","items":{"type":"object","properties":{"Claims":{"type":"string"},"Department":{"type":"string"},"DisplayName":{"type":"string"},"Email":{"type":"string"},"JobTitle":{"type":"string"},"Picture":{"type":"string"}},"required":["Claims","Department","DisplayName","Email","JobTitle","Picture"]}}}},"Apply_to_each_2":{"foreach":"@body('Parse_JSON_Ägare')","actions":{"Condition":{"actions":{"Add_a_member_to_a_team":{"runAfter":{},"type":"OpenApiConnection","inputs":{"host":{"apiId":"/providers/Microsoft.PowerApps/apis/shared_teams","connectionName":"shared_teams","operationId":"AddMemberToTeam"},"parameters":{"teamId":"@outputs('Create_a_team')?['body/newTeamId']","body/userId":"@items('Apply_to_each_2')['Email']","body/owner":true},"authentication":{"value":"@json(decodeBase64(triggerOutputs().headers['X-MS-APIM-Tokens']))['$ConnectionKey']","type":"Raw"}}}},"runAfter":{},"expression":{"not":{"equals":["@items('Apply_to_each_2')['Email']","@null"]}},"type":"If"}},"runAfter":{"Apply_to_each":["Succeeded"]},"type":"Foreach"}},"outputs":{},"description":"Create one or more actions to happen when a button or link in PowerApps is selected. To use this flow from a PowerApp, select the control you want to trigger the flow and go to the Action tab in the PowerApps ribbon and select Flows."},"connectionReferences":{"shared_teams":{"connectionName":"shared-teams-2ad1b0c7-8c20-4f9e-9b22-44508e017cbe","source":"Invoker","id":"/providers/Microsoft.PowerApps/apis/shared_teams","tier":"NotSpecified"}},"flowFailureAlertSubscribed":false}}