{"schemaVersion":"1.0","appDefinitionTemplate":{"id":"/providers/Microsoft.PowerApps/apps/","type":"Microsoft.PowerApps/apps","tags":{"primaryDeviceWidth":"1366","primaryDeviceHeight":"768","sienaVersion":"20201002T123906Z-3.20092.39.0","deviceCapabilities":"","supportsPortrait":"false","supportsLandscape":"true","primaryFormFactor":"Tablet","publisherVersion":"3.20092.39","minimumRequiredApiVersion":"2.2.0","hasComponent":"false","hasUnlockedComponent":"false","isUnifiedRootApp":"false"},"properties":{"appVersion":"2020-10-02T12:39:06Z","lifeCycleId":"Published","createdByClientVersion":{"major":3,"minor":20092,"build":39,"revision":0,"majorRevision":0,"minorRevision":0},"minClientVersion":{"major":3,"minor":20092,"build":39,"revision":0,"majorRevision":0,"minorRevision":0},"backgroundColor":"rgba(104, 101, 171, 1)","backgroundImageUri":"/13334340217503739214/Nb1b5fa43-c5e3-49d5-90fe-2f0cf88025ee-logoSmallFile","displayName":"Teamsskapare","description":"En app för att enkelt skapa nya Teams på ett mer standardiserat sätt!","commitMessage":"","appUris":{"documentUri":{"value":"/13334340217503739214/Nca47079a-8b4a-4a95-ac2f-c4634c3dd306-document.msapp","readonlyValue":"/13334340217503739214/Nca47079a-8b4a-4a95-ac2f-c4634c3dd306-document.msapp"},"imageUris":[]},"createdTime":"0001-01-01T00:00:00Z","lastModifiedTime":"0001-01-01T00:00:00Z","sharedGroupsCount":0,"sharedUsersCount":0,"icons":{"smallIconUri":"/13334340217503739214/Nb1484213-d268-4e7f-9399-db14d85c2089-small.png","mediumIconUri":"/13334340217503739214/N0a1747b0-0bc9-4701-9a15-70b336ca3e45-medium.png","largeIconUri":"/13334340217503739214/N9326a3f3-e0ed-416d-876a-43f93ffbcf87-large.png","wideIconUri":"/13334340217503739214/N62c8df7c-de39-410c-9bff-8625557ca03e-wide.png"},"connectionReferences":{"8ba5751c-dbd4-4580-9dde-b66f9061f15c":{"id":"2f40a736-cfcc-49ef-9b74-08df286a9c6f","displayName":"Logic flows","iconUri":"https://resourcestackdeploy.blob.core.windows.net/scripts/13276078.png","dataSources":["PowerAppsbutton"],"dependencies":["99f65ba9-3e58-449c-98aa-a5bc65a79421"],"dependents":[],"parameterHints":{"workflowName":{"value":"53d96858-6281-4d54-aa2c-ed7125d44198"},"99f65ba9-3e58-449c-98aa-a5bc65a79421":{"value":"shared_teams"}},"isOnPremiseConnection":false,"bypassConsent":false,"dataSets":{},"apiTier":"Standard","isCustomApiConnection":false},"99f65ba9-3e58-449c-98aa-a5bc65a79421":{"id":"9980d7fe-a475-45bc-8f35-70cecd97f3ce","displayName":"Microsoft Teams","iconUri":"https://connectoricons-prod.azureedge.net/releases/v1.0.1391/1.0.1391.2130/teams/icon.png","dataSources":[],"dependencies":[],"dependents":["8ba5751c-dbd4-4580-9dde-b66f9061f15c"],"parameterHints":{},"isOnPremiseConnection":false,"bypassConsent":false,"dataSets":{},"apiTier":"Standard","isCustomApiConnection":false}},"databaseReferences":{},"almMode":"Environment","performanceOptimizationEnabled":true,"canConsumeAppPass":true},"isAppComponentLibrary":false,"appType":"ClassicCanvasApp","appComponents":[]}}