{"schemaVersion":"1.0","appDefinitionTemplate":{"id":"/providers/Microsoft.PowerApps/apps/","type":"Microsoft.PowerApps/apps","tags":{"primaryDeviceWidth":"640","primaryDeviceHeight":"1136","sienaVersion":"20210415T212048Z-3.21035.34.0","deviceCapabilities":"","supportsPortrait":"true","supportsLandscape":"false","primaryFormFactor":"Phone","publisherVersion":"3.21035.34","minimumRequiredApiVersion":"2.2.0","hasComponent":"false","hasUnlockedComponent":"false","isUnifiedRootApp":"false"},"properties":{"appVersion":"2021-04-15T21:20:48Z","lifeCycleId":"Published","createdByClientVersion":{"major":3,"minor":21035,"build":34,"revision":0,"majorRevision":0,"minorRevision":0},"minClientVersion":{"major":3,"minor":21035,"build":34,"revision":0,"majorRevision":0,"minorRevision":0},"backgroundColor":"rgba(208, 52, 56, 1)","backgroundImageUri":"/5074967557987511872/N86bfc006-3b44-481c-a16c-dfd2d67f457c-logoSmallFile","displayName":"Sjukanmälningsappen","description":"","commitMessage":"","appUris":{"documentUri":{"value":"/5074967557987511872/N956a6f1d-3964-40f4-8152-dbf1f19a1a64-document.msapp"},"imageUris":[]},"createdTime":"0001-01-01T00:00:00Z","lastModifiedTime":"0001-01-01T00:00:00Z","sharedGroupsCount":0,"sharedUsersCount":0,"icons":{"smallIconUri":"/5074967557987511872/N6ff1f362-17d2-41c2-8f62-b92d02812efd-small.png","mediumIconUri":"/5074967557987511872/N04936329-f9c3-4a35-a37b-0ea4179c66c0-medium.png","largeIconUri":"/5074967557987511872/N7f2014a8-3175-4302-9992-f510f2dbc33a-large.png","wideIconUri":"/5074967557987511872/N0bf8a0b7-6cdc-4b3b-b84d-2c35482b1c27-wide.png"},"connectionReferences":{"69101c8b-086a-4f47-94ea-4ab0e37028a1":{"id":"dbe249ce-2e0f-47dd-9e0c-36ec4bf45187","displayName":"Office 365 Users","iconUri":"https://connectoricons-prod.azureedge.net/releases/v1.0.1460/1.0.1460.2389/office365users/icon.png","dataSources":["Office365-användare"],"dependencies":[],"dependents":[],"parameterHints":{},"isOnPremiseConnection":false,"bypassConsent":false,"dataSets":{},"apiTier":"Standard","isCustomApiConnection":false,"actions":["SearchUser","UserPhotoV2","UserProfileV2"]},"41db1feb-234a-49db-820d-1c86eaac49d4":{"id":"843947ff-2012-4d53-bd48-9f1100ccf5ff","displayName":"Office 365 Outlook","iconUri":"https://connectoricons-prod.azureedge.net/releases/v1.0.1461/1.0.1461.2397/office365/icon.png","dataSources":["Office365Outlook"],"dependencies":[],"dependents":[],"parameterHints":{},"isOnPremiseConnection":false,"bypassConsent":false,"dataSets":{},"apiTier":"Standard","isCustomApiConnection":false,"actions":["CalendarGetTablesV2","CalendarPostItem","SendEmailV2","SetAutomaticRepliesSetting","V4CalendarGetItems"]},"4393fa7c-0198-4dde-955a-e134996590d0":{"id":"802734a3-16d7-49d6-997d-786a0d0df888","displayName":"SharePoint","iconUri":"https://connectoricons-prod.azureedge.net/releases/v1.0.1458/1.0.1458.2381/sharepointonline/icon.png","dataSources":["Users","Settings"],"dependencies":[],"dependents":[],"parameterHints":{},"isOnPremiseConnection":false,"bypassConsent":false,"dataSets":{"https://altitude365.sharepoint.com/sites/digitalisering":{"dataSources":{"Users":{"tableName":"e09cd2d9-ccbb-4f50-99aa-68447dddbf45"},"Settings":{"tableName":"ee7d95b9-1569-4989-a55a-d3db8dda80d4"}}}},"apiTier":"Standard","isCustomApiConnection":false}},"databaseReferences":{},"almMode":"Environment","performanceOptimizationEnabled":true,"canConsumeAppPass":true,"executionRestrictions":{"isTeamsOnly":false,"dataLossPreventionEvaluationResult":{"status":"Compliant","lastEvaluationDate":"2021-04-13T08:30:05.7742539Z","violationDetails":[]}}},"isAppComponentLibrary":false,"appType":"ClassicCanvasApp","appComponents":[]}}